"date","uv"
"2025-08-29","5"
"2025-08-28","105"
"2025-08-27","127"
"2025-08-26","108"
"2025-08-25","94"
"2025-08-24","29"
"2025-08-23","20"
"2025-08-22","86"
"2025-08-21","108"
"2025-08-20","102"
"2025-08-19","104"
"2025-08-18","112"
"2025-08-17","23"
"2025-08-16","24"
"2025-08-15","87"
"2025-08-14","83"
"2025-08-13","100"
"2025-08-12","79"
"2025-08-11","71"
"2025-08-10","22"
"2025-08-09","26"
"2025-08-08","78"
"2025-08-07","82"
"2025-08-06","91"
"2025-08-05","83"
"2025-08-04","62"
"2025-08-03","8"
"2025-08-02","22"
"2025-08-01","57"
"2025-07-31","63"
"2025-07-30","84"
"2025-07-29","79"
"2025-07-28","56"
"2025-07-27","21"
"2025-07-26","24"
"2025-07-25","62"
"2025-07-24","77"
"2025-07-23","95"
"2025-07-22","83"
"2025-07-21","70"
"2025-07-20","8"
"2025-07-19","24"
"2025-07-18","49"
"2025-07-17","71"
"2025-07-16","85"
"2025-07-15","93"
"2025-07-14","71"
"2025-07-13","14"
"2025-07-12","24"
"2025-07-11","56"
"2025-07-10","75"
"2025-07-09","82"
"2025-07-08","75"
"2025-07-07","78"
"2025-07-06","18"
"2025-07-05","19"
"2025-07-04","21"
"2025-07-03","60"
"2025-07-02","79"
"2025-07-01","58"
"2025-06-30","61"
"2025-06-29","14"
"2025-06-28","15"
"2025-06-27","41"
"2025-06-26","63"
"2025-06-25","73"
"2025-06-24","74"
"2025-06-23","69"
"2025-06-22","19"
"2025-06-21","12"
"2025-06-20","58"
"2025-06-19","54"
"2025-06-18","83"
"2025-06-17","72"
"2025-06-16","66"
"2025-06-15","13"
"2025-06-14","28"
"2025-06-13","63"
"2025-06-12","68"
"2025-06-11","61"
"2025-06-10","73"
"2025-06-09","69"
"2025-06-08","16"
"2025-06-07","14"
"2025-06-06","46"
"2025-06-05","68"
"2025-06-04","78"
"2025-06-03","93"
"2025-06-02","70"
"2025-06-01","14"
"2025-05-31","27"
"2025-05-30","59"
"2025-05-29","67"
"2025-05-28","71"
"2025-05-27","73"
"2025-05-26","16"
"2025-05-25","14"
"2025-05-24","20"
"2025-05-23","52"
"2025-05-22","84"
"2025-05-21","66"
"2025-05-20","74"
"2025-05-19","61"
"2025-05-18","9"
"2025-05-17","17"
"2025-05-16","54"
"2025-05-15","54"
"2025-05-14","76"
"2025-05-13","64"
"2025-05-12","65"
"2025-05-11","11"
"2025-05-10","17"
"2025-05-09","59"
"2025-05-08","87"
"2025-05-07","82"
"2025-05-06","86"
"2025-05-05","69"
"2025-05-04","14"
"2025-05-03","20"
"2025-05-02","56"
"2025-05-01","79"
"2025-04-30","89"
"2025-04-29","74"
"2025-04-28","59"
"2025-04-27","11"
"2025-04-26","24"
"2025-04-25","62"
"2025-04-24","83"
"2025-04-23","83"
"2025-04-22","76"
"2025-04-21","70"
"2025-04-20","8"
"2025-04-19","16"
"2025-04-18","43"
"2025-04-17","67"
"2025-04-16","86"
"2025-04-15","95"
"2025-04-14","66"
"2025-04-13","11"
"2025-04-12","21"
"2025-04-11","66"
"2025-04-10","62"
"2025-04-09","74"
"2025-04-08","75"
"2025-04-07","83"
"2025-04-06","17"
"2025-04-05","19"
"2025-04-04","64"
"2025-04-03","67"
"2025-04-02","79"
"2025-04-01","70"
"2025-03-31","70"
"2025-03-30","15"
"2025-03-29","15"
"2025-03-28","66"
"2025-03-27","69"
"2025-03-26","66"
"2025-03-25","66"
"2025-03-24","59"
"2025-03-23","11"
"2025-03-22","14"
"2025-03-21","36"
"2025-03-20","81"
"2025-03-19","70"
"2025-03-18","82"
"2025-03-17","70"
"2025-03-16","13"
"2025-03-15","20"
"2025-03-14","72"
"2025-03-13","104"
"2025-03-12","92"
"2025-03-11","100"
"2025-03-10","65"
"2025-03-09","14"
"2025-03-08","9"
"2025-03-07","62"
"2025-03-06","69"
"2025-03-05","68"
"2025-03-04","64"
"2025-03-03","79"
"2025-03-02","10"
"2025-03-01","15"
"2025-02-28","48"
"2025-02-27","64"
"2025-02-26","66"
"2025-02-25","60"
"2025-02-24","57"
"2025-02-23","9"
"2025-02-22","21"
"2025-02-21","56"
"2025-02-20","55"
"2025-02-19","48"
"2025-02-18","64"
"2025-02-17","37"
"2025-02-16","12"
"2025-02-15","12"
"2025-02-14","40"
"2025-02-13","69"
"2025-02-12","67"
"2025-02-11","68"
"2025-02-10","67"
"2025-02-09","10"
"2025-02-08","17"
"2025-02-07","48"
"2025-02-06","55"
"2025-02-05","63"
"2025-02-04","58"
"2025-02-03","52"
"2025-02-02","13"
"2025-02-01","8"
"2025-01-31","53"
"2025-01-30","58"
"2025-01-29","57"
"2025-01-28","53"
"2025-01-27","68"
"2025-01-26","11"
"2025-01-25","24"
"2025-01-24","61"
"2025-01-23","58"
"2025-01-22","71"
"2025-01-21","44"
"2025-01-20","32"
"2025-01-19","13"
"2025-01-18","13"
"2025-01-17","51"
"2025-01-16","68"
"2025-01-15","62"
"2025-01-14","78"
"2025-01-13","76"
"2025-01-12","15"
"2025-01-11","13"
"2025-01-10","48"
"2025-01-09","50"
"2025-01-08","70"
"2025-01-07","68"
"2025-01-06","49"
"2025-01-05","10"
"2025-01-04","12"
"2025-01-03","27"
"2025-01-02","40"
"2025-01-01","13"
